label,q_avg_reward,q_win_rate,q_avg_win,q_avg_loss,random_avg_reward,random_win_rate,advantage,wr_improvement,avg_improvement
Top_100000_0.7_0.999,1.2875,0.916,1.9088,-5.9103,-0.11,0.469,1.3975,0.447,1.3975
Top_100000_0.8_0.99999,1.428,0.925,1.9751,-5.7826,0.069,0.511,1.359,0.414,1.359
Top_1000000_0.8_0.999995,1.394,0.907,2.0816,-5.6782,0.044,0.489,1.35,0.418,1.35
Top_1000000_0.95_0.999,1.5015,0.923,2.1089,-6.3571,0.0325,0.513,1.469,0.41,1.469
Top_1000000_0.8_0.999,1.3105,0.919,1.9483,-6.3158,0.0935,0.495,1.217,0.424,1.217
