label,q_avg_reward,q_win_rate,q_avg_win,q_avg_loss,random_avg_reward,random_win_rate,advantage,wr_improvement,avg_improvement
Top_100000_0.7_0.999,1.358,0.913,1.9682,-5.4198,-0.051,0.49,1.409,0.423,1.409
Top_100000_0.8_0.99999,1.3585,0.913,1.9852,-5.8205,0.117,0.508,1.2415,0.405,1.2415
Top_1000000_0.8_0.999995,1.3725,0.919,1.9799,-5.8052,-0.0555,0.481,1.428,0.438,1.428
Top_1000000_0.95_0.999,1.4505,0.929,2.0048,-6.3385,-0.0735,0.501,1.524,0.428,1.524
Top_1000000_0.8_0.999,1.4065,0.915,2.006,-5.4304,-0.0435,0.498,1.45,0.417,1.45
